151 Swizzle,Absinthe
151 Swizzle,Bitters [Angostura]
151 Swizzle,Rum [Lemonhart]
20th Century (v Islay),Cocchi Americano
20th Century (v Islay),Crème de Cacao
20th Century (v Islay),Gin [London]
20th Century (v Islay),Scotch [Islay]
20th Century (v PDT),Crème de Cacao
20th Century (v PDT),Gin [London]
20th Century (v PDT),Lillet Blanc
Absinthe Frappe,Absinthe
Admiral Russell's Punch,Brandy [Cognac]
Admiral Russell's Punch,Sherry
Afonso de Albuquerque,Scotch [Islay]
Afonso de Albuquerque,Whiskey [Rye]
Airmail,Rhum [Agricole]
Airmail,Rum [Cuban Dark]
Airmail,Sparkling Wine
Alaska,Chartreuse [Yellow]
Alaska,Gin [London]
Alaska (w Orange Bitters),Bitters [Orange]
Alaska (w Orange Bitters),Chartreuse [Yellow]
Alaska (w Orange Bitters),Gin [London]
Alexander,Brandy [Cognac]
Alexander,Crème de Cacao
Algonquin,Vermouth [Dry]
Algonquin,Whiskey [Rye]
Americano,Campari
Americano,Vermouth [Sweet]
Angel Face,Brandy [Apple]
Angel Face,Brandy [Apricot]
Angel Face,Gin [London]
Angostura Sour,Bitters [Angostura]
Apertif,Brandy [Apple]
Apertif,St. Germain
Apertif,Vermouth [Dry]
Armistice,Bitters [Angostura]
Armistice,Chartreuse [Green]
Armistice,Maraschino Liquor
Armistice,Vermouth [Dry]
Armistice,Whiskey [Rye]
Astor Hotel Special,Absinthe
Astor Hotel Special,Brandy [Cognac]
Astor Hotel Special,Maraschino Liquor
Aviation,Crème de Violette
Aviation,Gin [Old Tom]
Aviation,Maraschino Liquor
B52,Baileys Irish Cream
B52,Coffee Liqueur
B52,Grand Marnier
Bacardi Cocktail,Rum [Cuban White]
Bacardi Cocktail,Syrup [Grenadine]
Bamboo,Bitters [Orange]
Bamboo,Sherry
Bamboo,Vermouth [Dry]
Barracuda,Galliano
Barracuda,Rum [Jamaican Gold]
Barracuda,Sparkling Wine
Battle of New Orleans,Absinthe
Battle of New Orleans,Bitters [Orange]
Battle of New Orleans,Bitters [Peychaud's]
Battle of New Orleans,Whiskey [Rye]
Bee’s Knees,Gin [London]
Between the Sheets,Brandy [Cognac]
Between the Sheets,Cointreau
Between the Sheets,Rum [Cuban White]
Bijou,Bitters [Orange]
Bijou,Chartreuse [Green]
Bijou,Gin [London]
Bijou,Vermouth [Sweet]
Billy Wilkerson Topper,Chartreuse [Yellow]
Billy Wilkerson Topper,Orange Flower Water
Billy Wilkerson Topper,Rum [Cuban White]
Bitter End,Campari
Bitter End,IPA
Bizzy Izzy,Bitters [Angostura]
Bizzy Izzy,Sherry
Bizzy Izzy,Whiskey [Rye]
Black & Tan,Whiskey [Rye]
Black Manhattan,Averna
Black Manhattan,Bitters [Angostura]
Black Manhattan,Whiskey [Rye]
Block & Fall,Absinthe
Block & Fall,Brandy [Apple]
Block & Fall,Brandy [Cognac]
Block & Fall,Cointreau
Blood and Sand,Cherry Heering
Blood and Sand,Scotch [Blended]
Blood and Sand,Vermouth [Sweet]
Bloody Mary,Vodka
Bobby Burns,Bénédictine
Bobby Burns,Scotch [Blended]
Bobby Burns,Vermouth [Sweet]
Boulevardier (v Bourbon),Brandy [Apple]
Boulevardier (v Bourbon),Vermouth [Sweet]
Boulevardier (v Bourbon),Whiskey [Rye]
Boulevardier (v Rye),Brandy [Apple]
Boulevardier (v Rye),Vermouth [Sweet]
Boulevardier (v Rye),Whiskey [Rye]
Bourbon Sour,Bitters [Angostura]
Bourbon Sour,Whiskey [Rye]
Bramble,Blackberry liqueur
Bramble,Crème de Cassis
Bramble,Gin [London]
Bramble,Gin [London]
Brass Rail,Bénédictine
Brass Rail,Bitters [Orange]
Brass Rail,Rum [Cuban White]
Bronco Buster (v Hebug),Brandy [Apple]
Bronco Buster (v Hebug),Cointreau
Bronco Buster (v Hebug),Whiskey [Rye]
Bronco Buster (v SR),Brandy [Apple]
Bronco Buster (v SR),Cointreau
Bronco Buster (v SR),Whiskey [Rye]
Bronx & Income Tax,Bitters [Angostura]
Bronx & Income Tax,Gin [London]
Bronx & Income Tax,Vermouth [Dry]
Bronx & Income Tax,Vermouth [Sweet]
Brooklyn (v bitters),Bitters [Angostura]
Brooklyn (v bitters),Bitters [Orange]
Brooklyn (v bitters),Maraschino Liquor
Brooklyn (v bitters),Vermouth [Dry]
Brooklyn (v bitters),Whiskey [Rye]
Brooklyn (v u/bitcheslovebanjos),Bitters [Angostura]
Brooklyn (v u/bitcheslovebanjos),China China
Brooklyn (v u/bitcheslovebanjos),Maraschino Liquor
Brooklyn (v u/bitcheslovebanjos),Vermouth [Dry]
Brooklyn (v u/bitcheslovebanjos),Whiskey [Rye]
Brown Derby,Whiskey [Rye]
Bumbo,Rum [Aged]
Caipirinha,Cachaca
Californie Palace,Chartreuse [Green]
Californie Palace,Gin [London]
Californie Palace,Maraschino Liquor
Californie Palace,Vermouth [Dry]
Calvados Toddy,Allspice Dram
Calvados Toddy,Brandy [Apple]
Cameron’s Kick,Scotch [Blended]
Cameron’s Kick,Syrup [Orgeat]
Cameron’s Kick,Whiskey [Irish]
Captain’s Blood,Bitters [Angostura]
Captain’s Blood,Rum [Jamaican Dark]
Casino,Bitters [Orange]
Casino,Gin [Old Tom]
Casino,Maraschino Liquor
Champagne Cocktail,Bitters [Angostura]
Champagne Cocktail,Sparkling Wine
Champagne Flip,Sparkling Wine
Champs Élysées,Bitters [Angostura]
Champs Élysées,Brandy [Cognac]
Champs Élysées,Chartreuse [Green]
Charlie Chaplin,Brandy [Apricot]
Charlie Chaplin,Gin [Sloe]
Chartreuse Swizzle,Chartreuse [Green]
Chartreuse Swizzle,Syrup [Falernum]
Chicago,Port
Chicago,Rum [Jamaican Dark]
Chrysanthemum,Absinthe
Chrysanthemum,Bénédictine
Chrysanthemum,Vermouth [Dry]
Claridge,Brandy [Apricot]
Claridge,Cointreau
Claridge,Gin [London]
Claridge,Vermouth [Dry]
Cloister (v Green),Chartreuse [Green]
Cloister (v Yellow),Chartreuse [Yellow]
Cloister (v Yellow),Gin [London]
Clover Club (classic),Gin [London]
Clover Club (with Vermouth),Gin [London]
Clover Club (with Vermouth),Vermouth [Dry]
Cock N’ Bull Special,Bénédictine
Cock N’ Bull Special,Bitters [Angostura]
Cock N’ Bull Special,Brandy [Cognac]
Cock N’ Bull Special,Cointreau
Cock N’ Bull Special,Whiskey [Rye]
Cocktail,Ingredient
Cocktail a la Lousiane (classic),Absinthe
Cocktail a la Lousiane (classic),Bénédictine
Cocktail a la Lousiane (classic),Bitters [Peychaud's]
Cocktail a la Lousiane (classic),Brandy [Cognac]
Cocktail a la Lousiane (classic),Vermouth [Sweet]
Cocktail a la Lousiane (classic),Whiskey [Rye]
Cocktail a la Lousiane (w Ango),Absinthe
Cocktail a la Lousiane (w Ango),Bénédictine
Cocktail a la Lousiane (w Ango),Bitters [Angostura]
Cocktail a la Lousiane (w Ango),Bitters [Peychaud's]
Cocktail a la Lousiane (w Ango),Brandy [Cognac]
Cocktail a la Lousiane (w Ango),Vermouth [Sweet]
Cocktail a la Lousiane (w Ango),Whiskey [Rye]
Coessential,Absinthe
Coessential,Crème de Cacao
Coessential,Vodka
Conference,Bitters [Angostura]
Conference,Bitters [Bittermen's Xocolatl Mole]
Conference,Brandy [Apple]
Conference,Brandy [Cognac]
Conference,Whiskey [Rye]
Conference,Whiskey [Rye]
Corn N’ Oil,Bitters [Angostura]
Corn N’ Oil,Syrup [Falernum]
Corpse Reviver No. 1 (classic),Brandy [Apple]
Corpse Reviver No. 1 (classic),Brandy [Cognac]
Corpse Reviver No. 1 (classic),Vermouth [Sweet]
Corpse Reviver No. 1 (with Ango),Bitters [Angostura]
Corpse Reviver No. 1 (with Ango),Brandy [Apple]
Corpse Reviver No. 1 (with Ango),Brandy [Cognac]
Corpse Reviver No. 1 (with Ango),Vermouth [Sweet]
Corpse Reviver No. 2 (classic),Cointreau
Corpse Reviver No. 2 (classic),Gin [London]
Corpse Reviver No. 2 (classic),Lillet Blanc
Corpse Reviver No. 2 (w/ Absinthe),Absinthe
Corpse Reviver No. 2 (w/ Absinthe),Cointreau
Corpse Reviver No. 2 (w/ Absinthe),Gin [London]
Corpse Reviver No. 2 (w/ Absinthe),Lillet Blanc
Cosmopolitan,Cointreau
Cosmopolitan,Vodka
Creole Contentment,Bitters [Orange]
Creole Contentment,Brandy [Cognac]
Creole Contentment,Madeira
Creole Contentment,Maraschino Liquor
Crescent City,Bitters [Angostura]
Crescent City,Rum [Jamaican Dark]
Crescent City,Vermouth [Sweet]
Cuba Libre,Rum [Jamaican Dark]
Daiquiri,Rum [Cuban White]
Daisy de Santiago,Chartreuse [Yellow]
Daisy de Santiago,Rum [Cuban White]
Dark ‘n Stormy (classic),Rum [Cuban Dark]
Dark ‘n Stormy (spiced),Rum [Spiced]
Davis,Rum [Jamaican Dark]
Davis,Syrup [Grenadine]
Davis,Vermouth [Dry]
De Rigueur,Scotch [Blended]
Deauville,Brandy [Apple]
Deauville,Brandy [Cognac]
Deauville,Cointreau
Delmonico,Bitters [Angostura]
Delmonico,Brandy [Cognac]
Delmonico,Gin [London]
Delmonico,Vermouth [Dry]
Delmonico,Vermouth [Sweet]
Derby,Bitters [Peach]
Derby,Gin [London]
Diamondback,Brandy [Apple]
Diamondback,Chartreuse [Green]
Diamondback,Whiskey [Rye]
Dr. Cocktail,Bitters [Angostura]
Dr. Cocktail,Rum [Jamaican Dark]
Dr. Cocktail,Swedish Punsch
Earl Grey MarTEAni,Gin [London]
Eggnog,Brandy [Cognac]
Eggnog,Rum [Spiced]
Espresso Martini,Coffee Liqueur
Espresso Martini,Vodka
Fernet Daiquiri,Fernet Branca
Final Ward,Chartreuse [Green]
Final Ward,Maraschino Liquor
Final Ward,Whiskey [Rye]
Flannel Shirt (Classic),Allspice Dram
Flannel Shirt (Classic),Averna
Flannel Shirt (Classic),Bitters [Angostura]
Flannel Shirt (Classic),Scotch [Highland Park]
Flannel Shirt (v Blended Scotch),Allspice Dram
Flannel Shirt (v Blended Scotch),Averna
Flannel Shirt (v Blended Scotch),Bitters [Angostura]
Flannel Shirt (v Blended Scotch),Scotch [Blended]
Flannel Shirt (v Blended Scotch),Scotch [Islay]
Fog Cutter,Brandy [Cognac]
Fog Cutter,Gin [London]
Fog Cutter,Rum [Cuban White]
Fog Cutter,Sherry
Fog Cutter,Syrup [Orgeat]
Ford Cocktail,Bénédictine
Ford Cocktail,Bitters [Orange]
Ford Cocktail,Gin [Old Tom]
Ford Cocktail,Vermouth [Dry]
Fourth Regiment,Bitters [Celery]
Fourth Regiment,Bitters [Peychaud's]
Fourth Regiment,Vermouth [Sweet]
Fourth Regiment,Whiskey [Rye]
French 75,Gin [London]
French 75,Sparkling Wine
French Connection,Amaretto
French Connection,Brandy [Cognac]
French Martini,Raspberry liqueur
French Martini,Vodka
Gaby des Lys,Absinthe
Gaby des Lys,Gin [London]
Gaby des Lys,Syrup [Orgeat]
Gimlet,Gin [London]
Gin Daisy,Bitters [Orange]
Gin Daisy,Chartreuse [Yellow]
Gin Daisy,Gin [Old Tom]
God Mother,Amaretto
God Mother,Vodka
Godfather (v Bourbon),Amaretto
Godfather (v Bourbon),Bitters [Angostura]
Godfather (v Bourbon),Whiskey [Rye]
Godfather (v Scotch),Amaretto
Godfather (v Scotch),Scotch [Blended]
Golden Beautiful,Blanco Tequila
Golden Beautiful,Campari
Golden Dream,Cointreau
Golden Dream,Galliano
Grasshopper,Crème de Cacao
Grasshopper,Crème de Menthe
Greenback,Absinthe
Greenback,Crème de Menthe
Greenback,Gin [London]
Greenpoint (v Sweet Vermouth),Bitters [Angostura]
Greenpoint (v Sweet Vermouth),Chartreuse [Yellow]
Greenpoint (v Sweet Vermouth),Vermouth [Sweet]
Greenpoint (v Sweet Vermouth),Whiskey [Rye]
Greenpoint (v White Vermouth),Bitters [Angostura]
Greenpoint (v White Vermouth),Bitters [Orange]
Greenpoint (v White Vermouth),Chartreuse [Yellow]
Greenpoint (v White Vermouth),Vermouth [White]
Greenpoint (v White Vermouth),Whiskey [Rye]
Hanky Panky,Fernet Branca
Hanky Panky,Gin [Old Tom]
Hanky Panky,Vermouth [Sweet]
Harvard (classic),Bitters [Angostura]
Harvard (classic),Brandy [Cognac]
Harvard (classic),Vermouth [Sweet]
Harvard (v Peychaud),Bitters [Peychaud's]
Harvard (v Peychaud),Brandy [Cognac]
Harvard (v Peychaud),Vermouth [Sweet]
Harvest Moon (v PDT),Bitters [Angostura]
Harvest Moon (v PDT),Brandy [Apple]
Harvest Moon (v PDT),Chartreuse [Green]
Harvest Moon (v PDT),Lillet Blanc
Harvest Moon (v PDT),Whiskey [Rye]
Harvest Moon (v Traditional),Bitters [Angostura]
Harvest Moon (v Traditional),Brandy [Apple]
Harvest Moon (v Traditional),Chartreuse [Green]
Harvest Moon (v Traditional),Lillet Blanc
Harvest Moon (v Traditional),Whiskey [Rye]
Harvey Wallbanger,Galliano
Harvey Wallbanger,Vodka
Havana,Brandy [Apricot]
Havana,Gin [Old Tom]
Havana,Swedish Punsch
Hemingway Daiquiri,Maraschino Liquor
Hemingway Daiquiri,Rum [Cuban White]
Hemingway Special,Maraschino Liquor
Hemingway Special,Rum [Cuban White]
Holland Razor Blade,Gin [Genever]
Hoop La! (Classic),Brandy [Cognac]
Hoop La! (Classic),Cointreau
Hoop La! (Classic),Lillet Blanc
Hoop La! (v /u/hebug),Brandy [Apple]
Hoop La! (v /u/hebug),Brandy [Cognac]
Hoop La! (v /u/hebug),Lillet Blanc
Hoots Mon,Lillet Blanc
Hoots Mon,Scotch [Blended]
Hoots Mon,Vermouth [Sweet]
Horse's Neck,Bitters [Angostura]
Horse's Neck,Brandy [Cognac]
Hot Milk Punch,Brandy [Cognac]
Hot Milk Punch,Rum [Cuban Dark]
Hot Toddy,Scotch [Blended]
Hotel Nacional Special,Brandy [Apricot]
Hotel Nacional Special,Rum [Aged]
Hurricane,Rum [151 Amber]
Improved Holland Gin Cocktail,Bitters [Angostura]
Improved Holland Gin Cocktail,Bitters [Peychaud's]
Improved Holland Gin Cocktail,Gin [Genever]
Improved Holland Gin Cocktail,Maraschino Liquor
Improved Whiskey Cocktail (v PDT),Absinthe
Improved Whiskey Cocktail (v PDT),Bitters [Angostura]
Improved Whiskey Cocktail (v PDT),Maraschino Liquor
Improved Whiskey Cocktail (v PDT),Whiskey [Rye]
Improved Whiskey Cocktail (v SR),Absinthe
Improved Whiskey Cocktail (v SR),Bitters [Peychaud's]
Improved Whiskey Cocktail (v SR),Maraschino Liquor
Improved Whiskey Cocktail (v SR),Whiskey [Rye]
Industry Sour,Chartreuse [Green]
Industry Sour,Fernet Branca
International Bar Fly,Bitters [Angostura]
International Bar Fly,Bitters [Orange]
International Bar Fly,Brandy [Cognac]
International Bar Fly,Cointreau
International Bar Fly,Madeira
Intro to Aperol,Aperol
Intro to Aperol,Bitters [Angostura]
Intro to Aperol,Gin [London]
Irish Coffee,Whiskey [Irish]
Jack Rose,Brandy [Apple]
Jack Rose,Syrup [Grenadine]
Jackson,Bitters [Orange]
Jackson,Gin [London]
Jackson,Quina
Jake Barnes,Bitters [Angostura]
Jake Barnes,Brandy [Apple]
Jake Barnes,Syrup [Grenadine]
Japanese (v Modern),Bitters [Angostura]
Japanese (v Modern),Brandy [Cognac]
Japanese (v Modern),Syrup [Orgeat]
Japanese (v Traditional),Bitters [Boker's]
Japanese (v Traditional),Brandy [Cognac]
Japanese (v Traditional),Syrup [Orgeat]
Jasmine,Campari
Jasmine,Cointreau
Jasmine,Gin [London]
John Collins,Gin [Genever]
Jungle Bird,Campari
Jungle Bird,Rum [Jamaican Dark]
Kamikaze,Cointreau
Kamikaze,Vodka
Kentucky Buck,Whiskey [Rye]
Kingston Negroni,Campari
Kingston Negroni,Rum [Smith & Cross]
Kingston Negroni,Vermouth [Antica Formula]
Kir,Crème de Cassis
Kir,Wine [White]
Knickerbocker,Cointreau
Knickerbocker,Rum [Cuban Dark]
Latin Quarter,Absinthe
Latin Quarter,Bitters [Angostura]
Latin Quarter,Bitters [Bittermen's Xocolatl Mole]
Latin Quarter,Bitters [Creole]
Latin Quarter,Bitters [Peychaud's]
Latin Quarter,Rum [Puerto Rican Aged]
Lemon Drop Martini,Cointreau
Lemon Drop Martini,Lemon Vodka
Lion’s Tail,Allspice Dram
Lion’s Tail,Bitters [Angostura]
Lion’s Tail,Whiskey [Rye]
Little Miss Annabelle,Bénédictine
Little Miss Annabelle,Bitters [Peychaud's]
Little Miss Annabelle,Brandy [Cognac]
Little Miss Annabelle,Pear Liquor
Long Island Iced Tea (v Anvil),Blanco Tequila
Long Island Iced Tea (v Anvil),Gin [Old Tom]
Long Island Iced Tea (v Anvil),Rhum [Agricole]
Long Island Iced Tea (v Anvil),Vermouth [Sweet]
Long Island Iced Tea (v IBA),Blanco Tequila
Long Island Iced Tea (v IBA),Cointreau
Long Island Iced Tea (v IBA),Gin [London]
Long Island Iced Tea (v IBA),Rum [Cuban White]
Long Island Iced Tea (v IBA),Vodka
Lucien Gaudin,Campari
Lucien Gaudin,Cointreau
Lucien Gaudin,Gin [London]
Lucien Gaudin,Vermouth [Dry]
Mai Tai (v Hebug),Cointreau
Mai Tai (v Hebug),Rum [Aged]
Mai Tai (v Hebug),Rum [Puerto Rican Gold]
Mai Tai (v Hebug),Syrup [Orgeat]
Mai Tai (v Trader Vic's),Cointreau
Mai Tai (v Trader Vic's),Rum [Aged]
Mai Tai (v Trader Vic's),Syrup [Orgeat]
Mandala,Bitters [Cardamom]
Mandala,Gin [London]
Manhattan,Bitters [Angostura]
Manhattan,Bitters [Angostura]
Manhattan,Vermouth [Sweet]
Manhattan,Vermouth [Sweet]
Manhattan,Whiskey [Rye]
Manhattan,Whiskey [Rye]
Maple Leaf,Whiskey [Rye]
Margarita,Blanco Tequila
Margarita,Cointreau
Martinez (v Ango),Bitters [Angostura]
Martinez (v Ango),Gin [Old Tom]
Martinez (v Ango),Maraschino Liquor
Martinez (v Ango),Vermouth [Sweet]
Martinez (v Boker's),Bitters [Boker's]
Martinez (v Boker's),Gin [Old Tom]
Martinez (v Boker's),Maraschino Liquor
Martinez (v Boker's),Vermouth [Sweet]
Martini,Gin [London]
Martini,Vermouth [Dry]
Mary Pickford,Maraschino Liquor
Mary Pickford,Maraschino Liquor
Mary Pickford,Rum [Cuban White]
Mary Pickford,Rum [Cuban White]
Mary Pickford,Syrup [Grenadine]
Mary Pickford,Syrup [Grenadine]
Melon Stand,Aperol
Melon Stand,Gin [London]
Mexican Firing Squad Special,Bitters [Angostura]
Mexican Firing Squad Special,Blanco Tequila
Mexican Firing Squad Special,Syrup [Grenadine]
Milk Punch,Brandy [Cognac]
Milk Punch,Whiskey [Rye]
Millionaire,Brandy [Apricot]
Millionaire,Gin [Sloe]
Millionaire,Rum [Jamaican Dark]
Millionaire,Syrup [Grenadine]
Mimosa,Sparkling Wine
Mint Julep,Whiskey [Rye]
Mojito,Rum [Cuban White]
Monkey Gland,Absinthe
Monkey Gland,Gin [London]
Monkey Gland,Syrup [Grenadine]
Monte Carlo,Bénédictine
Monte Carlo,Bitters [Angostura]
Monte Carlo,Whiskey [Rye]
Montgomery Smith,Bénédictine
Montgomery Smith,Brandy [Cognac]
Montgomery Smith,Fernet Branca
Morgan’s Treasure,Rum [Cuban White]
Morgan’s Treasure,Syrup [Orgeat]
Moscow Mule,Vodka
Muddled Mission,Chartreuse [Yellow]
Muddled Mission,Gin [London]
Muddled Mission,St. Germain
Muddled Sunset,Brandy [Cognac]
Muddled Sunset,Chartreuse [Yellow]
Muddled Sunset,Ginger Liqueur
Navy Grog,Rum [Cuban White]
Navy Grog,Rum [Demerara]
Navy Grog,Rum [Jamaican Gold]
Negroni,Campari
Negroni,Gin [London]
Negroni,Vermouth [Sweet]
New York Sour,Whiskey [Rye]
New York Sour,Wine [Red]
Old Fashioned,Whiskey [Rye]
Old Fashioned,Bitters [Angostura]
Old Fashioned (Scotch),Bitters [Angostura]
Old Fashioned (Scotch),Scotch [Blended]
Old Ironsides,Amaretto
Old Ironsides,Bitters [Angostura]
Old Ironsides,Rum [Jamaican Dark]
Old Ironsides,Rum [Trinidadian Gold]
Old Ironsides,Vermouth [Sweet]
Old Pal,Campari
Old Pal,Vermouth [Dry]
Old Pal,Whiskey [Rye]
Pago Pago,Chartreuse [Green]
Pago Pago,Rum [Demerara]
Pamplemousse,Gin [London]
Pamplemousse,St. Germain
Paper Airplane,Amaro Nonino Quintessentia
Paper Airplane,Campari
Paper Airplane,Whiskey [Rye]
Paper Plane,Amaro Nonino Quintessentia
Paper Plane,Aperol
Paper Plane,Whiskey [Rye]
Paradise,Bitters [Angostura]
Paradise,Brandy [Apricot]
Paradise,Gin [London]
Pegu Club (v Cointreau),Bitters [Angostura]
Pegu Club (v Cointreau),Bitters [Orange]
Pegu Club (v Cointreau),Cointreau
Pegu Club (v Cointreau),Gin [London]
Pegu Club (v Grand Marnier),Bitters [Angostura]
Pegu Club (v Grand Marnier),Bitters [Orange]
Pegu Club (v Grand Marnier),Gin [London]
Pegu Club (v Grand Marnier),Grand Marnier
Pendennis Club,Bitters [Peychaud's]
Pendennis Club,Bitters [Peychaud's]
Pendennis Club,Brandy [Apricot]
Pendennis Club,Gin [Old Tom]
Penicillin,Scotch [Blended]
Penicillin,Scotch [Islay]
Pimm’s Cup,Pimm's No. 1
Pina Colada,Rum [Cuban White]
Pineapple Daiquiri,Rum [Pineapple]
Pineapple Express,Rhum [Agricole]
Pineapple Express,Rum [Pineapple]
Pisco Sour,Pisco
Planter's Punch,Rum [Cuban Dark]
Planter's Punch,Syrup [Grenadine]
Porto Flip,Brandy [Cognac]
Porto Flip,Port
Prairie Oyster,Mezcal
Queen's Park Swizzle (v Anvil),Bitters [Angostura]
Queen's Park Swizzle (v Anvil),Rum [Cuban White]
Queen's Park Swizzle (v Morganthaler),Bitters [Angostura]
Queen's Park Swizzle (v Morganthaler),Rum [Demerara]
Queen's Park Swizzle (v PDT),Bitters [Peychaud's]
Queen's Park Swizzle (v PDT),Rhum [Agricole]
Queen's Park Swizzle (v PDT),Rum [Demerara]
Ramos Gin Fizz,Gin [London]
Ramos Gin Fizz,Orange Flower Water
Rattlesnake,Absinthe
Rattlesnake,Whiskey [Rye]
Remember the Maine,Absinthe
Remember the Maine,Cherry Heering
Remember the Maine,Vermouth [Sweet]
Remember the Maine,Whiskey [Rye]
Revolver,Coffee Liqueur
Revolver,Scotch [Blended]
Rickey,Gin [London]
Rob Roy,Bitters [Angostura]
Rob Roy,Scotch [Blended]
Rob Roy,Vermouth [Sweet]
Rose,Kirsch
Rose,Vermouth [Dry]
Rosita,Bitters [Orange]
Rosita,Blanco Tequila
Rosita,Campari
Rosita,Quina
Rosita,Vermouth [Dry]
Rosita,Vermouth [Sweet]
Royal Bermuda Yacht Club,Cointreau
Royal Bermuda Yacht Club,Rum [Mount Gay]
Royal Bermuda Yacht Club,Syrup [Falernum]
Royal Smile,Brandy [Apple]
Royal Smile,Gin [London]
Royal Smile,Syrup [Grenadine]
Rum & Rye,Bitters [Chocolate]
Rum & Rye,Rum [Cuban White]
Rum & Rye,Vermouth [Sweet]
Rum & Rye,Whiskey [Rye]
Rum Manhattan,Bitters [Angostura]
Rum Manhattan,Bitters [Orange]
Rum Manhattan,Rum [Aged]
Rum Manhattan,Vermouth [Sweet]
Russian Spring Punch,Crème de Cassis
Russian Spring Punch,Vodka
Rusty Nail,Drambuie
Rusty Nail,Scotch [Blended]
Rye Buck,Bitters [Angostura]
Rye Buck,Whiskey [Rye]
Saratoga Brace Up,Absinthe
Saratoga Brace Up,Brandy [Cognac]
Saturn,Gin [London]
Saturn,Syrup [Falernum]
Saturn,Syrup [Orgeat]
Savoy Tango,Brandy [Apple]
Savoy Tango,Gin [Sloe]
Sazerac,Absinthe
Sazerac,Bitters [Peychaud's]
Sazerac,Vermouth [Sweet]
Sazerac,Whiskey [Rye]
Scofflaw,Bitters [Orange]
Scofflaw,Syrup [Grenadine]
Scofflaw,Vermouth [Dry]
Scofflaw,Whiskey [Rye]
Screwdriver,Vodka
Sea Breeze,Vodka
Seelbach,Bitters [Angostura]
Seelbach,Bitters [Peychaud's]
Seelbach,Cointreau
Seelbach,Sparkling Wine
Seelbach,Whiskey [Rye]
Sex On The Beach,Peach schnapps
Sex On The Beach,Vodka
Shaddock,Aperol
Shaddock,Gin [Genever]
Shaddock,St. Germain
Shaken Stinger,Brandy [Spanish]
Shaken Stinger,Crème de Menthe
Shamrock,Crème de Menthe
Shamrock,Vermouth [Sweet]
Shamrock,Whiskey [Irish]
Sherry Cobbler,Maraschino Liquor
Sherry Cobbler,Sherry
Sidecar,Brandy [Cognac]
Sidecar,Cointreau
Singapore Sling (v Classic),Bénédictine
Singapore Sling (v Classic),Cherry Heering
Singapore Sling (v Classic),Gin [London]
Singapore Sling (v Classic),Syrup [Grenadine]
Singapore Sling (v Raffles Hotel),Bénédictine
Singapore Sling (v Raffles Hotel),Bitters [Angostura]
Singapore Sling (v Raffles Hotel),Cherry Heering
Singapore Sling (v Raffles Hotel),Cointreau
Singapore Sling (v Raffles Hotel),Gin [London]
Singapore Sling (v Raffles Hotel),Syrup [Grenadine]
Sloe Gin Fizz,Gin [Sloe]
Southern Exposure,Gin [London]
Southern Style Julep,Brandy [Cognac]
Southern Style Julep,Rum [Jamaican Dark]
Southside,Gin [London]
Southside,Gin [London]
Spritz Veneziano,Aperol
Spritz Veneziano,Sparkling Wine
Stinger,Brandy [Cognac]
Stinger,Crème de Menthe
Suffering Bastard,Bitters [Angostura]
Suffering Bastard,Gin [London]
Suffering Bastard,Whiskey [Rye]
Sunrise,Blanco Tequila
Sunrise,Crème de Cassis
Sunrise,Syrup [Grenadine]
Sweet and Vicious,Amaro Nonino Quintessentia
Sweet and Vicious,Vermouth [Dry]
Sweet and Vicious,Whiskey [Rye]
Tailspin,Campari
Tailspin,Chartreuse [Green]
Tailspin,Gin [London]
Tailspin,Vermouth [Sweet]
Tequila Sunrise,Blanco Tequila
The Other Left,Campari
The Other Left,Coffee Liqueur
The Other Left,Vermouth [Sweet]
The Other Left,Whiskey [Rye]
The Schnozzle,Absinthe
The Schnozzle,Gin [London]
The Schnozzle,Sherry
The Schnozzle,Vermouth [Dry]
Three Dots & A Dash,Allspice Dram
Three Dots & A Dash,Rhum [Agricole]
Three Dots & A Dash,Rum [Demerara]
Three Dots & A Dash,Syrup [Falernum]
Ti Punch,Rhum [Agricole]
Tipperary,Chartreuse [Green]
Tipperary,Vermouth [Sweet]
Tipperary,Whiskey [Irish]
Tom Collins,Gin [Old Tom]
Tommy's Margarita,Blanco Tequila
Toronto (v Death and Co),Fernet Branca
Toronto (v Death and Co),Whiskey [Rye]
Toronto (v FAoMD),Bitters [Angostura]
Toronto (v FAoMD),Fernet Branca
Toronto (v FAoMD),Whiskey [Canadian]
Tuxedo,Absinthe
Tuxedo,Gin [London]
Tuxedo,Maraschino Liquor
Tuxedo,Vermouth [Dry]
Twelve Mile Limit (v Classic),Brandy [Cognac]
Twelve Mile Limit (v Classic),Rum [Cuban White]
Twelve Mile Limit (v Classic),Syrup [Grenadine]
Twelve Mile Limit (v Haigh),Brandy [Cognac]
Twelve Mile Limit (v Haigh),Rum [Cuban White]
Twelve Mile Limit (v Haigh),Syrup [Grenadine]
Twelve Mile Limit (v Haigh),Whiskey [Rye]
Vampiro,Tequila (silver)
Vasco de Gama,Scotch [Islay]
Vasco de Gama,Whiskey [Rye]
Vesper,Gin [London]
Vesper,Lillet Blanc
Vesper,Vodka
Vieux Carré,Bénédictine
Vieux Carré,Bitters [Angostura]
Vieux Carré,Bitters [Peychaud's]
Vieux Carré,Brandy [Cognac]
Vieux Carré,Vermouth [Sweet]
Vieux Carré,Whiskey [Rye]
Waltzing Matilda,Cointreau
Waltzing Matilda,Gin [London]
Waltzing Matilda,Wine [White]
Ward Eight,Syrup [Grenadine]
Ward Eight,Whiskey [Rye]
Water Lily,Cointreau
Water Lily,Crème de Violette
Water Lily,Gin [Plymouth]
White Lady,Cointreau
White Lady,Gin [London]
White Russian,Crème de Cacao
White Russian,Vodka
Widow’s Kiss,Bénédictine
Widow’s Kiss,Bitters [Angostura]
Widow’s Kiss,Brandy [Apple]
Widow’s Kiss,Chartreuse [Yellow]
Yellow Bird,Galliano
Yellow Bird,Rum [Cuban White]
Zombie (Original),Absinthe
Zombie (Original),Bitters [Angostura]
Zombie (Original),Rum [Jamaican Dark]
Zombie (Original),Rum [Lemonhart]
Zombie (Original),Rum [Puerto Rican Gold]
Zombie (Original),Syrup [Falernum]
Zombie (Original),Syrup [Grenadine]
Zombie (Simplified),Bitters [Angostura]
Zombie (Simplified),Rum [151 Amber]
Zombie (Simplified),Rum [Jamaican Dark]
